--
-- PostgreSQL database dump
--

-- Dumped from database version 17.4 (Debian 17.4-1.pgdg120+2)
-- Dumped by pg_dump version 17.4 (Ubuntu 17.4-1.pgdg24.04+2)

SET statement_timeout = 0;
SET lock_timeout = 0;
SET idle_in_transaction_session_timeout = 0;
SET transaction_timeout = 0;
SET client_encoding = 'UTF8';
SET standard_conforming_strings = on;
SELECT pg_catalog.set_config('search_path', '', false);
SET check_function_bodies = false;
SET xmloption = content;
SET client_min_messages = warning;
SET row_security = off;

SET default_tablespace = '';

SET default_table_access_method = heap;

--
-- Name: auth_group; Type: TABLE; Schema: public; Owner: salamat
--

CREATE TABLE public.auth_group (
    id integer NOT NULL,
    name character varying(150) NOT NULL
);


ALTER TABLE public.auth_group OWNER TO salamat;

--
-- Name: auth_group_id_seq; Type: SEQUENCE; Schema: public; Owner: salamat
--

ALTER TABLE public.auth_group ALTER COLUMN id ADD GENERATED BY DEFAULT AS IDENTITY (
    SEQUENCE NAME public.auth_group_id_seq
    START WITH 1
    INCREMENT BY 1
    NO MINVALUE
    NO MAXVALUE
    CACHE 1
);


--
-- Name: auth_group_permissions; Type: TABLE; Schema: public; Owner: salamat
--

CREATE TABLE public.auth_group_permissions (
    id bigint NOT NULL,
    group_id integer NOT NULL,
    permission_id integer NOT NULL
);


ALTER TABLE public.auth_group_permissions OWNER TO salamat;

--
-- Name: auth_group_permissions_id_seq; Type: SEQUENCE; Schema: public; Owner: salamat
--

ALTER TABLE public.auth_group_permissions ALTER COLUMN id ADD GENERATED BY DEFAULT AS IDENTITY (
    SEQUENCE NAME public.auth_group_permissions_id_seq
    START WITH 1
    INCREMENT BY 1
    NO MINVALUE
    NO MAXVALUE
    CACHE 1
);


--
-- Name: auth_permission; Type: TABLE; Schema: public; Owner: salamat
--

CREATE TABLE public.auth_permission (
    id integer NOT NULL,
    name character varying(255) NOT NULL,
    content_type_id integer NOT NULL,
    codename character varying(100) NOT NULL
);


ALTER TABLE public.auth_permission OWNER TO salamat;

--
-- Name: auth_permission_id_seq; Type: SEQUENCE; Schema: public; Owner: salamat
--

ALTER TABLE public.auth_permission ALTER COLUMN id ADD GENERATED BY DEFAULT AS IDENTITY (
    SEQUENCE NAME public.auth_permission_id_seq
    START WITH 1
    INCREMENT BY 1
    NO MINVALUE
    NO MAXVALUE
    CACHE 1
);


--
-- Name: auth_user; Type: TABLE; Schema: public; Owner: salamat
--

CREATE TABLE public.auth_user (
    id integer NOT NULL,
    password character varying(128) NOT NULL,
    last_login timestamp with time zone,
    is_superuser boolean NOT NULL,
    username character varying(150) NOT NULL,
    first_name character varying(150) NOT NULL,
    last_name character varying(150) NOT NULL,
    email character varying(254) NOT NULL,
    is_staff boolean NOT NULL,
    is_active boolean NOT NULL,
    date_joined timestamp with time zone NOT NULL
);


ALTER TABLE public.auth_user OWNER TO salamat;

--
-- Name: auth_user_groups; Type: TABLE; Schema: public; Owner: salamat
--

CREATE TABLE public.auth_user_groups (
    id bigint NOT NULL,
    user_id integer NOT NULL,
    group_id integer NOT NULL
);


ALTER TABLE public.auth_user_groups OWNER TO salamat;

--
-- Name: auth_user_groups_id_seq; Type: SEQUENCE; Schema: public; Owner: salamat
--

ALTER TABLE public.auth_user_groups ALTER COLUMN id ADD GENERATED BY DEFAULT AS IDENTITY (
    SEQUENCE NAME public.auth_user_groups_id_seq
    START WITH 1
    INCREMENT BY 1
    NO MINVALUE
    NO MAXVALUE
    CACHE 1
);


--
-- Name: auth_user_id_seq; Type: SEQUENCE; Schema: public; Owner: salamat
--

ALTER TABLE public.auth_user ALTER COLUMN id ADD GENERATED BY DEFAULT AS IDENTITY (
    SEQUENCE NAME public.auth_user_id_seq
    START WITH 1
    INCREMENT BY 1
    NO MINVALUE
    NO MAXVALUE
    CACHE 1
);


--
-- Name: auth_user_user_permissions; Type: TABLE; Schema: public; Owner: salamat
--

CREATE TABLE public.auth_user_user_permissions (
    id bigint NOT NULL,
    user_id integer NOT NULL,
    permission_id integer NOT NULL
);


ALTER TABLE public.auth_user_user_permissions OWNER TO salamat;

--
-- Name: auth_user_user_permissions_id_seq; Type: SEQUENCE; Schema: public; Owner: salamat
--

ALTER TABLE public.auth_user_user_permissions ALTER COLUMN id ADD GENERATED BY DEFAULT AS IDENTITY (
    SEQUENCE NAME public.auth_user_user_permissions_id_seq
    START WITH 1
    INCREMENT BY 1
    NO MINVALUE
    NO MAXVALUE
    CACHE 1
);


--
-- Name: data_format; Type: TABLE; Schema: public; Owner: salamat
--

CREATE TABLE public.data_format (
    id bigint NOT NULL,
    predicate character varying(255) NOT NULL,
    dataformat character varying(50) NOT NULL,
    length integer,
    error_template character varying(255) NOT NULL,
    rule_id bigint NOT NULL
);


ALTER TABLE public.data_format OWNER TO salamat;

--
-- Name: data_format_id_seq; Type: SEQUENCE; Schema: public; Owner: salamat
--

ALTER TABLE public.data_format ALTER COLUMN id ADD GENERATED BY DEFAULT AS IDENTITY (
    SEQUENCE NAME public.data_format_id_seq
    START WITH 1
    INCREMENT BY 1
    NO MINVALUE
    NO MAXVALUE
    CACHE 1
);


--
-- Name: django_admin_log; Type: TABLE; Schema: public; Owner: salamat
--

CREATE TABLE public.django_admin_log (
    id integer NOT NULL,
    action_time timestamp with time zone NOT NULL,
    object_id text,
    object_repr character varying(200) NOT NULL,
    action_flag smallint NOT NULL,
    change_message text NOT NULL,
    content_type_id integer,
    user_id integer NOT NULL,
    CONSTRAINT django_admin_log_action_flag_check CHECK ((action_flag >= 0))
);


ALTER TABLE public.django_admin_log OWNER TO salamat;

--
-- Name: django_admin_log_id_seq; Type: SEQUENCE; Schema: public; Owner: salamat
--

ALTER TABLE public.django_admin_log ALTER COLUMN id ADD GENERATED BY DEFAULT AS IDENTITY (
    SEQUENCE NAME public.django_admin_log_id_seq
    START WITH 1
    INCREMENT BY 1
    NO MINVALUE
    NO MAXVALUE
    CACHE 1
);


--
-- Name: django_content_type; Type: TABLE; Schema: public; Owner: salamat
--

CREATE TABLE public.django_content_type (
    id integer NOT NULL,
    app_label character varying(100) NOT NULL,
    model character varying(100) NOT NULL
);


ALTER TABLE public.django_content_type OWNER TO salamat;

--
-- Name: django_content_type_id_seq; Type: SEQUENCE; Schema: public; Owner: salamat
--

ALTER TABLE public.django_content_type ALTER COLUMN id ADD GENERATED BY DEFAULT AS IDENTITY (
    SEQUENCE NAME public.django_content_type_id_seq
    START WITH 1
    INCREMENT BY 1
    NO MINVALUE
    NO MAXVALUE
    CACHE 1
);


--
-- Name: django_migrations; Type: TABLE; Schema: public; Owner: salamat
--

CREATE TABLE public.django_migrations (
    id bigint NOT NULL,
    app character varying(255) NOT NULL,
    name character varying(255) NOT NULL,
    applied timestamp with time zone NOT NULL
);


ALTER TABLE public.django_migrations OWNER TO salamat;

--
-- Name: django_migrations_id_seq; Type: SEQUENCE; Schema: public; Owner: salamat
--

ALTER TABLE public.django_migrations ALTER COLUMN id ADD GENERATED BY DEFAULT AS IDENTITY (
    SEQUENCE NAME public.django_migrations_id_seq
    START WITH 1
    INCREMENT BY 1
    NO MINVALUE
    NO MAXVALUE
    CACHE 1
);


--
-- Name: django_session; Type: TABLE; Schema: public; Owner: salamat
--

CREATE TABLE public.django_session (
    session_key character varying(40) NOT NULL,
    session_data text NOT NULL,
    expire_date timestamp with time zone NOT NULL
);


ALTER TABLE public.django_session OWNER TO salamat;

--
-- Name: document_fields; Type: TABLE; Schema: public; Owner: salamat
--

CREATE TABLE public.document_fields (
    id bigint NOT NULL,
    field character varying(50) NOT NULL,
    context character varying(100) NOT NULL,
    xpath character varying(100) NOT NULL,
    tag character varying(50) NOT NULL,
    description text NOT NULL,
    version_id bigint NOT NULL
);


ALTER TABLE public.document_fields OWNER TO salamat;

--
-- Name: document_fields_id_seq; Type: SEQUENCE; Schema: public; Owner: salamat
--

ALTER TABLE public.document_fields ALTER COLUMN id ADD GENERATED BY DEFAULT AS IDENTITY (
    SEQUENCE NAME public.document_fields_id_seq
    START WITH 1
    INCREMENT BY 1
    NO MINVALUE
    NO MAXVALUE
    CACHE 1
);


--
-- Name: error; Type: TABLE; Schema: public; Owner: salamat
--

CREATE TABLE public.error (
    id bigint NOT NULL,
    error_code character varying(10) NOT NULL,
    error_message text NOT NULL,
    message_id uuid NOT NULL
);


ALTER TABLE public.error OWNER TO salamat;

--
-- Name: error_id_seq; Type: SEQUENCE; Schema: public; Owner: salamat
--

ALTER TABLE public.error ALTER COLUMN id ADD GENERATED BY DEFAULT AS IDENTITY (
    SEQUENCE NAME public.error_id_seq
    START WITH 1
    INCREMENT BY 1
    NO MINVALUE
    NO MAXVALUE
    CACHE 1
);


--
-- Name: members; Type: TABLE; Schema: public; Owner: salamat
--

CREATE TABLE public.members (
    id bigint NOT NULL,
    member_name character varying(255) NOT NULL,
    message_id uuid NOT NULL
);


ALTER TABLE public.members OWNER TO salamat;

--
-- Name: members_id_seq; Type: SEQUENCE; Schema: public; Owner: salamat
--

ALTER TABLE public.members ALTER COLUMN id ADD GENERATED BY DEFAULT AS IDENTITY (
    SEQUENCE NAME public.members_id_seq
    START WITH 1
    INCREMENT BY 1
    NO MINVALUE
    NO MAXVALUE
    CACHE 1
);


--
-- Name: message; Type: TABLE; Schema: public; Owner: salamat
--

CREATE TABLE public.message (
    id uuid NOT NULL,
    created_at timestamp with time zone NOT NULL,
    "timestamp" timestamp with time zone,
    signature character varying(255) NOT NULL,
    message_version_id bigint
);


ALTER TABLE public.message OWNER TO salamat;

--
-- Name: message_version; Type: TABLE; Schema: public; Owner: salamat
--

CREATE TABLE public.message_version (
    id bigint NOT NULL,
    version_code character varying(10) NOT NULL,
    xml_schema text NOT NULL
);


ALTER TABLE public.message_version OWNER TO salamat;

--
-- Name: message_version_id_seq; Type: SEQUENCE; Schema: public; Owner: salamat
--

ALTER TABLE public.message_version ALTER COLUMN id ADD GENERATED BY DEFAULT AS IDENTITY (
    SEQUENCE NAME public.message_version_id_seq
    START WITH 1
    INCREMENT BY 1
    NO MINVALUE
    NO MAXVALUE
    CACHE 1
);


--
-- Name: message_xml; Type: TABLE; Schema: public; Owner: salamat
--

CREATE TABLE public.message_xml (
    id bigint NOT NULL,
    xml_content text NOT NULL,
    xml_url_link character varying(255) NOT NULL,
    message_id uuid NOT NULL
);


ALTER TABLE public.message_xml OWNER TO salamat;

--
-- Name: message_xml_id_seq; Type: SEQUENCE; Schema: public; Owner: salamat
--

ALTER TABLE public.message_xml ALTER COLUMN id ADD GENERATED BY DEFAULT AS IDENTITY (
    SEQUENCE NAME public.message_xml_id_seq
    START WITH 1
    INCREMENT BY 1
    NO MINVALUE
    NO MAXVALUE
    CACHE 1
);


--
-- Name: operation; Type: TABLE; Schema: public; Owner: salamat
--

CREATE TABLE public.operation (
    id bigint NOT NULL,
    transaction_date date NOT NULL,
    amount numeric(15,2) NOT NULL,
    currency character varying(3) NOT NULL,
    operation_type character varying(50) NOT NULL,
    message_id uuid NOT NULL
);


ALTER TABLE public.operation OWNER TO salamat;

--
-- Name: operation_id_seq; Type: SEQUENCE; Schema: public; Owner: salamat
--

ALTER TABLE public.operation ALTER COLUMN id ADD GENERATED BY DEFAULT AS IDENTITY (
    SEQUENCE NAME public.operation_id_seq
    START WITH 1
    INCREMENT BY 1
    NO MINVALUE
    NO MAXVALUE
    CACHE 1
);


--
-- Name: requirement; Type: TABLE; Schema: public; Owner: salamat
--

CREATE TABLE public.requirement (
    id bigint NOT NULL,
    predicate character varying(255) NOT NULL,
    is_required boolean NOT NULL,
    error_template character varying(255) NOT NULL,
    rule_id bigint NOT NULL
);


ALTER TABLE public.requirement OWNER TO salamat;

--
-- Name: requirement_id_seq; Type: SEQUENCE; Schema: public; Owner: salamat
--

ALTER TABLE public.requirement ALTER COLUMN id ADD GENERATED BY DEFAULT AS IDENTITY (
    SEQUENCE NAME public.requirement_id_seq
    START WITH 1
    INCREMENT BY 1
    NO MINVALUE
    NO MAXVALUE
    CACHE 1
);


--
-- Name: rule; Type: TABLE; Schema: public; Owner: salamat
--

CREATE TABLE public.rule (
    id bigint NOT NULL,
    is_active boolean NOT NULL,
    document_field_id bigint NOT NULL,
    version_id bigint NOT NULL
);


ALTER TABLE public.rule OWNER TO salamat;

--
-- Name: rule_id_seq; Type: SEQUENCE; Schema: public; Owner: salamat
--

ALTER TABLE public.rule ALTER COLUMN id ADD GENERATED BY DEFAULT AS IDENTITY (
    SEQUENCE NAME public.rule_id_seq
    START WITH 1
    INCREMENT BY 1
    NO MINVALUE
    NO MAXVALUE
    CACHE 1
);


--
-- Name: sender; Type: TABLE; Schema: public; Owner: salamat
--

CREATE TABLE public.sender (
    id bigint NOT NULL,
    name character varying(255) NOT NULL,
    inn character varying(12) NOT NULL
);


ALTER TABLE public.sender OWNER TO salamat;

--
-- Name: sender_id_seq; Type: SEQUENCE; Schema: public; Owner: salamat
--

ALTER TABLE public.sender ALTER COLUMN id ADD GENERATED BY DEFAULT AS IDENTITY (
    SEQUENCE NAME public.sender_id_seq
    START WITH 1
    INCREMENT BY 1
    NO MINVALUE
    NO MAXVALUE
    CACHE 1
);


--
-- Data for Name: auth_group; Type: TABLE DATA; Schema: public; Owner: salamat
--

COPY public.auth_group (id, name) FROM stdin;
\.


--
-- Data for Name: auth_group_permissions; Type: TABLE DATA; Schema: public; Owner: salamat
--

COPY public.auth_group_permissions (id, group_id, permission_id) FROM stdin;
\.


--
-- Data for Name: auth_permission; Type: TABLE DATA; Schema: public; Owner: salamat
--

COPY public.auth_permission (id, name, content_type_id, codename) FROM stdin;
1	Can add log entry	1	add_logentry
2	Can change log entry	1	change_logentry
3	Can delete log entry	1	delete_logentry
4	Can view log entry	1	view_logentry
5	Can add permission	2	add_permission
6	Can change permission	2	change_permission
7	Can delete permission	2	delete_permission
8	Can view permission	2	view_permission
9	Can add group	3	add_group
10	Can change group	3	change_group
11	Can delete group	3	delete_group
12	Can view group	3	view_group
13	Can add user	4	add_user
14	Can change user	4	change_user
15	Can delete user	4	delete_user
16	Can view user	4	view_user
17	Can add content type	5	add_contenttype
18	Can change content type	5	change_contenttype
19	Can delete content type	5	delete_contenttype
20	Can view content type	5	view_contenttype
21	Can add session	6	add_session
22	Can change session	6	change_session
23	Can delete session	6	delete_session
24	Can view session	6	view_session
25	Can add document fields	7	add_documentfields
26	Can change document fields	7	change_documentfields
27	Can delete document fields	7	delete_documentfields
28	Can view document fields	7	view_documentfields
29	Can add message	8	add_message
30	Can change message	8	change_message
31	Can delete message	8	delete_message
32	Can view message	8	view_message
33	Can add message version	9	add_messageversion
34	Can change message version	9	change_messageversion
35	Can delete message version	9	delete_messageversion
36	Can view message version	9	view_messageversion
37	Can add sender	10	add_sender
38	Can change sender	10	change_sender
39	Can delete sender	10	delete_sender
40	Can view sender	10	view_sender
41	Can add rule	11	add_rule
42	Can change rule	11	change_rule
43	Can delete rule	11	delete_rule
44	Can view rule	11	view_rule
45	Can add requirement	12	add_requirement
46	Can change requirement	12	change_requirement
47	Can delete requirement	12	delete_requirement
48	Can view requirement	12	view_requirement
49	Can add operation	13	add_operation
50	Can change operation	13	change_operation
51	Can delete operation	13	delete_operation
52	Can view operation	13	view_operation
53	Can add message xml	14	add_messagexml
54	Can change message xml	14	change_messagexml
55	Can delete message xml	14	delete_messagexml
56	Can view message xml	14	view_messagexml
57	Can add members	15	add_members
58	Can change members	15	change_members
59	Can delete members	15	delete_members
60	Can view members	15	view_members
61	Can add error	16	add_error
62	Can change error	16	change_error
63	Can delete error	16	delete_error
64	Can view error	16	view_error
65	Can add data format	17	add_dataformat
66	Can change data format	17	change_dataformat
67	Can delete data format	17	delete_dataformat
68	Can view data format	17	view_dataformat
\.


--
-- Data for Name: auth_user; Type: TABLE DATA; Schema: public; Owner: salamat
--

COPY public.auth_user (id, password, last_login, is_superuser, username, first_name, last_name, email, is_staff, is_active, date_joined) FROM stdin;
\.


--
-- Data for Name: auth_user_groups; Type: TABLE DATA; Schema: public; Owner: salamat
--

COPY public.auth_user_groups (id, user_id, group_id) FROM stdin;
\.


--
-- Data for Name: auth_user_user_permissions; Type: TABLE DATA; Schema: public; Owner: salamat
--

COPY public.auth_user_user_permissions (id, user_id, permission_id) FROM stdin;
\.


--
-- Data for Name: data_format; Type: TABLE DATA; Schema: public; Owner: salamat
--

COPY public.data_format (id, predicate, dataformat, length, error_template, rule_id) FROM stdin;
\.


--
-- Data for Name: django_admin_log; Type: TABLE DATA; Schema: public; Owner: salamat
--

COPY public.django_admin_log (id, action_time, object_id, object_repr, action_flag, change_message, content_type_id, user_id) FROM stdin;
\.


--
-- Data for Name: django_content_type; Type: TABLE DATA; Schema: public; Owner: salamat
--

COPY public.django_content_type (id, app_label, model) FROM stdin;
1	admin	logentry
2	auth	permission
3	auth	group
4	auth	user
5	contenttypes	contenttype
6	sessions	session
7	validate	documentfields
8	validate	message
9	validate	messageversion
10	validate	sender
11	validate	rule
12	validate	requirement
13	validate	operation
14	validate	messagexml
15	validate	members
16	validate	error
17	validate	dataformat
\.


--
-- Data for Name: django_migrations; Type: TABLE DATA; Schema: public; Owner: salamat
--

COPY public.django_migrations (id, app, name, applied) FROM stdin;
1	contenttypes	0001_initial	2025-04-05 10:36:16.583031+00
2	auth	0001_initial	2025-04-05 10:36:16.61031+00
3	admin	0001_initial	2025-04-05 10:36:16.625757+00
4	admin	0002_logentry_remove_auto_add	2025-04-05 10:36:16.633534+00
5	admin	0003_logentry_add_action_flag_choices	2025-04-05 10:36:16.641471+00
6	contenttypes	0002_remove_content_type_name	2025-04-05 10:36:16.653282+00
7	auth	0002_alter_permission_name_max_length	2025-04-05 10:36:16.663578+00
8	auth	0003_alter_user_email_max_length	2025-04-05 10:36:16.670541+00
9	auth	0004_alter_user_username_opts	2025-04-05 10:36:16.680607+00
10	auth	0005_alter_user_last_login_null	2025-04-05 10:36:16.689305+00
11	auth	0006_require_contenttypes_0002	2025-04-05 10:36:16.692338+00
12	auth	0007_alter_validators_add_error_messages	2025-04-05 10:36:16.702242+00
13	auth	0008_alter_user_username_max_length	2025-04-05 10:36:16.712705+00
14	auth	0009_alter_user_last_name_max_length	2025-04-05 10:36:16.724579+00
15	auth	0010_alter_group_name_max_length	2025-04-05 10:36:16.734771+00
16	auth	0011_update_proxy_permissions	2025-04-05 10:36:16.740984+00
17	auth	0012_alter_user_first_name_max_length	2025-04-05 10:36:16.748663+00
18	sessions	0001_initial	2025-04-05 10:36:16.755668+00
19	validate	0001_initial	2025-04-05 10:36:16.835009+00
\.


--
-- Data for Name: django_session; Type: TABLE DATA; Schema: public; Owner: salamat
--

COPY public.django_session (session_key, session_data, expire_date) FROM stdin;
\.


--
-- Data for Name: document_fields; Type: TABLE DATA; Schema: public; Owner: salamat
--

COPY public.document_fields (id, field, context, xpath, tag, description, version_id) FROM stdin;
\.


--
-- Data for Name: error; Type: TABLE DATA; Schema: public; Owner: salamat
--

COPY public.error (id, error_code, error_message, message_id) FROM stdin;
1	E001	Unsupported version: 1.0	223e4567-e89b-12d3-a456-426614174000
\.


--
-- Data for Name: members; Type: TABLE DATA; Schema: public; Owner: salamat
--

COPY public.members (id, member_name, message_id) FROM stdin;
1	Company Y	223e4567-e89b-12d3-a456-426614174000
2	Company Z	223e4567-e89b-12d3-a456-426614174000
\.


--
-- Data for Name: message; Type: TABLE DATA; Schema: public; Owner: salamat
--

COPY public.message (id, created_at, "timestamp", signature, message_version_id) FROM stdin;
223e4567-e89b-12d3-a456-426614174000	2025-04-05 10:36:25.575277+00	2025-03-06 14:30:00+00	BASE64_ENCODED_SIGNATURE	1
\.


--
-- Data for Name: message_version; Type: TABLE DATA; Schema: public; Owner: salamat
--

COPY public.message_version (id, version_code, xml_schema) FROM stdin;
1	1.0	<schema>...</schema>
\.


--
-- Data for Name: message_xml; Type: TABLE DATA; Schema: public; Owner: salamat
--

COPY public.message_xml (id, xml_content, xml_url_link, message_id) FROM stdin;
1	<ExportData>\n<Version>1.0</Version>\n<DocumentID>223e4567-e89b-12d3-a456-426614174000</DocumentID>\n<TimeStamp>2025-03-06T14:30:00</TimeStamp>\n<SignedData>\n<Signature>BASE64_ENCODED_SIGNATURE</Signature>\n</SignedData>\n<Sender>\n<SenderID>1002</SenderID>\n<SenderName>Company X</SenderName>\n<SenderINN>9876543210</SenderINN>\n</Sender>\n<MessageInfo>\n<MessageType>Invoice</MessageType>\n<MessageDate>2025-03-06</MessageDate>\n<TransportType>1</TransportType>\n</MessageInfo>\n<Members>\n<Member>\n<MemberID>3001</MemberID>\n<MemberName>Company Y</MemberName>\n<MemberRole>Supplier</MemberRole>\n</Member>\n<Member>\n<MemberID>3002</MemberID>\n<MemberName>Company Z</MemberName>\n<MemberRole>Customer</MemberRole>\n</Member>\n</Members>\n<Operation>\n<OperationID>7001</OperationID>\n<TransactionDate>2025-03-05</TransactionDate>\n<Amount>5000.00</Amount>\n<Currency>EUR</Currency>\n<OperationType>Refund</OperationType>\n</Operation>\n</ExportData>	http://minio:9000/my-bucket/original/223e4567-e89b-12d3-a456-426614174000.xml?AWSAccessKeyId=my_access_key&Signature=pJvI5JTEr4UkiASTlPxQe4mB96Q%3D&Expires=1743853005	223e4567-e89b-12d3-a456-426614174000
\.


--
-- Data for Name: operation; Type: TABLE DATA; Schema: public; Owner: salamat
--

COPY public.operation (id, transaction_date, amount, currency, operation_type, message_id) FROM stdin;
1	2025-03-05	5000.00	EUR	Refund	223e4567-e89b-12d3-a456-426614174000
\.


--
-- Data for Name: requirement; Type: TABLE DATA; Schema: public; Owner: salamat
--

COPY public.requirement (id, predicate, is_required, error_template, rule_id) FROM stdin;
\.


--
-- Data for Name: rule; Type: TABLE DATA; Schema: public; Owner: salamat
--

COPY public.rule (id, is_active, document_field_id, version_id) FROM stdin;
\.


--
-- Data for Name: sender; Type: TABLE DATA; Schema: public; Owner: salamat
--

COPY public.sender (id, name, inn) FROM stdin;
1	Company X	9876543210
\.


--
-- Name: auth_group_id_seq; Type: SEQUENCE SET; Schema: public; Owner: salamat
--

SELECT pg_catalog.setval('public.auth_group_id_seq', 1, false);


--
-- Name: auth_group_permissions_id_seq; Type: SEQUENCE SET; Schema: public; Owner: salamat
--

SELECT pg_catalog.setval('public.auth_group_permissions_id_seq', 1, false);


--
-- Name: auth_permission_id_seq; Type: SEQUENCE SET; Schema: public; Owner: salamat
--

SELECT pg_catalog.setval('public.auth_permission_id_seq', 68, true);


--
-- Name: auth_user_groups_id_seq; Type: SEQUENCE SET; Schema: public; Owner: salamat
--

SELECT pg_catalog.setval('public.auth_user_groups_id_seq', 1, false);


--
-- Name: auth_user_id_seq; Type: SEQUENCE SET; Schema: public; Owner: salamat
--

SELECT pg_catalog.setval('public.auth_user_id_seq', 1, false);


--
-- Name: auth_user_user_permissions_id_seq; Type: SEQUENCE SET; Schema: public; Owner: salamat
--

SELECT pg_catalog.setval('public.auth_user_user_permissions_id_seq', 1, false);


--
-- Name: data_format_id_seq; Type: SEQUENCE SET; Schema: public; Owner: salamat
--

SELECT pg_catalog.setval('public.data_format_id_seq', 1, false);


--
-- Name: django_admin_log_id_seq; Type: SEQUENCE SET; Schema: public; Owner: salamat
--

SELECT pg_catalog.setval('public.django_admin_log_id_seq', 1, false);


--
-- Name: django_content_type_id_seq; Type: SEQUENCE SET; Schema: public; Owner: salamat
--

SELECT pg_catalog.setval('public.django_content_type_id_seq', 17, true);


--
-- Name: django_migrations_id_seq; Type: SEQUENCE SET; Schema: public; Owner: salamat
--

SELECT pg_catalog.setval('public.django_migrations_id_seq', 19, true);


--
-- Name: document_fields_id_seq; Type: SEQUENCE SET; Schema: public; Owner: salamat
--

SELECT pg_catalog.setval('public.document_fields_id_seq', 1, false);


--
-- Name: error_id_seq; Type: SEQUENCE SET; Schema: public; Owner: salamat
--

SELECT pg_catalog.setval('public.error_id_seq', 1, true);


--
-- Name: members_id_seq; Type: SEQUENCE SET; Schema: public; Owner: salamat
--

SELECT pg_catalog.setval('public.members_id_seq', 2, true);


--
-- Name: message_version_id_seq; Type: SEQUENCE SET; Schema: public; Owner: salamat
--

SELECT pg_catalog.setval('public.message_version_id_seq', 1, true);


--
-- Name: message_xml_id_seq; Type: SEQUENCE SET; Schema: public; Owner: salamat
--

SELECT pg_catalog.setval('public.message_xml_id_seq', 1, true);


--
-- Name: operation_id_seq; Type: SEQUENCE SET; Schema: public; Owner: salamat
--

SELECT pg_catalog.setval('public.operation_id_seq', 1, true);


--
-- Name: requirement_id_seq; Type: SEQUENCE SET; Schema: public; Owner: salamat
--

SELECT pg_catalog.setval('public.requirement_id_seq', 1, false);


--
-- Name: rule_id_seq; Type: SEQUENCE SET; Schema: public; Owner: salamat
--

SELECT pg_catalog.setval('public.rule_id_seq', 1, false);


--
-- Name: sender_id_seq; Type: SEQUENCE SET; Schema: public; Owner: salamat
--

SELECT pg_catalog.setval('public.sender_id_seq', 1, true);


--
-- Name: auth_group auth_group_name_key; Type: CONSTRAINT; Schema: public; Owner: salamat
--

ALTER TABLE ONLY public.auth_group
    ADD CONSTRAINT auth_group_name_key UNIQUE (name);


--
-- Name: auth_group_permissions auth_group_permissions_group_id_permission_id_0cd325b0_uniq; Type: CONSTRAINT; Schema: public; Owner: salamat
--

ALTER TABLE ONLY public.auth_group_permissions
    ADD CONSTRAINT auth_group_permissions_group_id_permission_id_0cd325b0_uniq UNIQUE (group_id, permission_id);


--
-- Name: auth_group_permissions auth_group_permissions_pkey; Type: CONSTRAINT; Schema: public; Owner: salamat
--

ALTER TABLE ONLY public.auth_group_permissions
    ADD CONSTRAINT auth_group_permissions_pkey PRIMARY KEY (id);


--
-- Name: auth_group auth_group_pkey; Type: CONSTRAINT; Schema: public; Owner: salamat
--

ALTER TABLE ONLY public.auth_group
    ADD CONSTRAINT auth_group_pkey PRIMARY KEY (id);


--
-- Name: auth_permission auth_permission_content_type_id_codename_01ab375a_uniq; Type: CONSTRAINT; Schema: public; Owner: salamat
--

ALTER TABLE ONLY public.auth_permission
    ADD CONSTRAINT auth_permission_content_type_id_codename_01ab375a_uniq UNIQUE (content_type_id, codename);


--
-- Name: auth_permission auth_permission_pkey; Type: CONSTRAINT; Schema: public; Owner: salamat
--

ALTER TABLE ONLY public.auth_permission
    ADD CONSTRAINT auth_permission_pkey PRIMARY KEY (id);


--
-- Name: auth_user_groups auth_user_groups_pkey; Type: CONSTRAINT; Schema: public; Owner: salamat
--

ALTER TABLE ONLY public.auth_user_groups
    ADD CONSTRAINT auth_user_groups_pkey PRIMARY KEY (id);


--
-- Name: auth_user_groups auth_user_groups_user_id_group_id_94350c0c_uniq; Type: CONSTRAINT; Schema: public; Owner: salamat
--

ALTER TABLE ONLY public.auth_user_groups
    ADD CONSTRAINT auth_user_groups_user_id_group_id_94350c0c_uniq UNIQUE (user_id, group_id);


--
-- Name: auth_user auth_user_pkey; Type: CONSTRAINT; Schema: public; Owner: salamat
--

ALTER TABLE ONLY public.auth_user
    ADD CONSTRAINT auth_user_pkey PRIMARY KEY (id);


--
-- Name: auth_user_user_permissions auth_user_user_permissions_pkey; Type: CONSTRAINT; Schema: public; Owner: salamat
--

ALTER TABLE ONLY public.auth_user_user_permissions
    ADD CONSTRAINT auth_user_user_permissions_pkey PRIMARY KEY (id);


--
-- Name: auth_user_user_permissions auth_user_user_permissions_user_id_permission_id_14a6b632_uniq; Type: CONSTRAINT; Schema: public; Owner: salamat
--

ALTER TABLE ONLY public.auth_user_user_permissions
    ADD CONSTRAINT auth_user_user_permissions_user_id_permission_id_14a6b632_uniq UNIQUE (user_id, permission_id);


--
-- Name: auth_user auth_user_username_key; Type: CONSTRAINT; Schema: public; Owner: salamat
--

ALTER TABLE ONLY public.auth_user
    ADD CONSTRAINT auth_user_username_key UNIQUE (username);


--
-- Name: data_format data_format_pkey; Type: CONSTRAINT; Schema: public; Owner: salamat
--

ALTER TABLE ONLY public.data_format
    ADD CONSTRAINT data_format_pkey PRIMARY KEY (id);


--
-- Name: django_admin_log django_admin_log_pkey; Type: CONSTRAINT; Schema: public; Owner: salamat
--

ALTER TABLE ONLY public.django_admin_log
    ADD CONSTRAINT django_admin_log_pkey PRIMARY KEY (id);


--
-- Name: django_content_type django_content_type_app_label_model_76bd3d3b_uniq; Type: CONSTRAINT; Schema: public; Owner: salamat
--

ALTER TABLE ONLY public.django_content_type
    ADD CONSTRAINT django_content_type_app_label_model_76bd3d3b_uniq UNIQUE (app_label, model);


--
-- Name: django_content_type django_content_type_pkey; Type: CONSTRAINT; Schema: public; Owner: salamat
--

ALTER TABLE ONLY public.django_content_type
    ADD CONSTRAINT django_content_type_pkey PRIMARY KEY (id);


--
-- Name: django_migrations django_migrations_pkey; Type: CONSTRAINT; Schema: public; Owner: salamat
--

ALTER TABLE ONLY public.django_migrations
    ADD CONSTRAINT django_migrations_pkey PRIMARY KEY (id);


--
-- Name: django_session django_session_pkey; Type: CONSTRAINT; Schema: public; Owner: salamat
--

ALTER TABLE ONLY public.django_session
    ADD CONSTRAINT django_session_pkey PRIMARY KEY (session_key);


--
-- Name: document_fields document_fields_pkey; Type: CONSTRAINT; Schema: public; Owner: salamat
--

ALTER TABLE ONLY public.document_fields
    ADD CONSTRAINT document_fields_pkey PRIMARY KEY (id);


--
-- Name: error error_pkey; Type: CONSTRAINT; Schema: public; Owner: salamat
--

ALTER TABLE ONLY public.error
    ADD CONSTRAINT error_pkey PRIMARY KEY (id);


--
-- Name: members members_pkey; Type: CONSTRAINT; Schema: public; Owner: salamat
--

ALTER TABLE ONLY public.members
    ADD CONSTRAINT members_pkey PRIMARY KEY (id);


--
-- Name: message message_pkey; Type: CONSTRAINT; Schema: public; Owner: salamat
--

ALTER TABLE ONLY public.message
    ADD CONSTRAINT message_pkey PRIMARY KEY (id);


--
-- Name: message_version message_version_pkey; Type: CONSTRAINT; Schema: public; Owner: salamat
--

ALTER TABLE ONLY public.message_version
    ADD CONSTRAINT message_version_pkey PRIMARY KEY (id);


--
-- Name: message_version message_version_version_code_key; Type: CONSTRAINT; Schema: public; Owner: salamat
--

ALTER TABLE ONLY public.message_version
    ADD CONSTRAINT message_version_version_code_key UNIQUE (version_code);


--
-- Name: message_xml message_xml_pkey; Type: CONSTRAINT; Schema: public; Owner: salamat
--

ALTER TABLE ONLY public.message_xml
    ADD CONSTRAINT message_xml_pkey PRIMARY KEY (id);


--
-- Name: operation operation_pkey; Type: CONSTRAINT; Schema: public; Owner: salamat
--

ALTER TABLE ONLY public.operation
    ADD CONSTRAINT operation_pkey PRIMARY KEY (id);


--
-- Name: requirement requirement_pkey; Type: CONSTRAINT; Schema: public; Owner: salamat
--

ALTER TABLE ONLY public.requirement
    ADD CONSTRAINT requirement_pkey PRIMARY KEY (id);


--
-- Name: rule rule_pkey; Type: CONSTRAINT; Schema: public; Owner: salamat
--

ALTER TABLE ONLY public.rule
    ADD CONSTRAINT rule_pkey PRIMARY KEY (id);


--
-- Name: sender sender_pkey; Type: CONSTRAINT; Schema: public; Owner: salamat
--

ALTER TABLE ONLY public.sender
    ADD CONSTRAINT sender_pkey PRIMARY KEY (id);


--
-- Name: auth_group_name_a6ea08ec_like; Type: INDEX; Schema: public; Owner: salamat
--

CREATE INDEX auth_group_name_a6ea08ec_like ON public.auth_group USING btree (name varchar_pattern_ops);


--
-- Name: auth_group_permissions_group_id_b120cbf9; Type: INDEX; Schema: public; Owner: salamat
--

CREATE INDEX auth_group_permissions_group_id_b120cbf9 ON public.auth_group_permissions USING btree (group_id);


--
-- Name: auth_group_permissions_permission_id_84c5c92e; Type: INDEX; Schema: public; Owner: salamat
--

CREATE INDEX auth_group_permissions_permission_id_84c5c92e ON public.auth_group_permissions USING btree (permission_id);


--
-- Name: auth_permission_content_type_id_2f476e4b; Type: INDEX; Schema: public; Owner: salamat
--

CREATE INDEX auth_permission_content_type_id_2f476e4b ON public.auth_permission USING btree (content_type_id);


--
-- Name: auth_user_groups_group_id_97559544; Type: INDEX; Schema: public; Owner: salamat
--

CREATE INDEX auth_user_groups_group_id_97559544 ON public.auth_user_groups USING btree (group_id);


--
-- Name: auth_user_groups_user_id_6a12ed8b; Type: INDEX; Schema: public; Owner: salamat
--

CREATE INDEX auth_user_groups_user_id_6a12ed8b ON public.auth_user_groups USING btree (user_id);


--
-- Name: auth_user_user_permissions_permission_id_1fbb5f2c; Type: INDEX; Schema: public; Owner: salamat
--

CREATE INDEX auth_user_user_permissions_permission_id_1fbb5f2c ON public.auth_user_user_permissions USING btree (permission_id);


--
-- Name: auth_user_user_permissions_user_id_a95ead1b; Type: INDEX; Schema: public; Owner: salamat
--

CREATE INDEX auth_user_user_permissions_user_id_a95ead1b ON public.auth_user_user_permissions USING btree (user_id);


--
-- Name: auth_user_username_6821ab7c_like; Type: INDEX; Schema: public; Owner: salamat
--

CREATE INDEX auth_user_username_6821ab7c_like ON public.auth_user USING btree (username varchar_pattern_ops);


--
-- Name: data_format_rule_id_8b7517aa; Type: INDEX; Schema: public; Owner: salamat
--

CREATE INDEX data_format_rule_id_8b7517aa ON public.data_format USING btree (rule_id);


--
-- Name: django_admin_log_content_type_id_c4bce8eb; Type: INDEX; Schema: public; Owner: salamat
--

CREATE INDEX django_admin_log_content_type_id_c4bce8eb ON public.django_admin_log USING btree (content_type_id);


--
-- Name: django_admin_log_user_id_c564eba6; Type: INDEX; Schema: public; Owner: salamat
--

CREATE INDEX django_admin_log_user_id_c564eba6 ON public.django_admin_log USING btree (user_id);


--
-- Name: django_session_expire_date_a5c62663; Type: INDEX; Schema: public; Owner: salamat
--

CREATE INDEX django_session_expire_date_a5c62663 ON public.django_session USING btree (expire_date);


--
-- Name: django_session_session_key_c0390e0f_like; Type: INDEX; Schema: public; Owner: salamat
--

CREATE INDEX django_session_session_key_c0390e0f_like ON public.django_session USING btree (session_key varchar_pattern_ops);


--
-- Name: document_fields_version_id_50e7a9a3; Type: INDEX; Schema: public; Owner: salamat
--

CREATE INDEX document_fields_version_id_50e7a9a3 ON public.document_fields USING btree (version_id);


--
-- Name: error_message_id_c4f2ad10; Type: INDEX; Schema: public; Owner: salamat
--

CREATE INDEX error_message_id_c4f2ad10 ON public.error USING btree (message_id);


--
-- Name: members_message_id_53f4fbe8; Type: INDEX; Schema: public; Owner: salamat
--

CREATE INDEX members_message_id_53f4fbe8 ON public.members USING btree (message_id);


--
-- Name: message_message_version_id_0dd2f2db; Type: INDEX; Schema: public; Owner: salamat
--

CREATE INDEX message_message_version_id_0dd2f2db ON public.message USING btree (message_version_id);


--
-- Name: message_version_version_code_d5663f87_like; Type: INDEX; Schema: public; Owner: salamat
--

CREATE INDEX message_version_version_code_d5663f87_like ON public.message_version USING btree (version_code varchar_pattern_ops);


--
-- Name: message_xml_message_id_b958bf62; Type: INDEX; Schema: public; Owner: salamat
--

CREATE INDEX message_xml_message_id_b958bf62 ON public.message_xml USING btree (message_id);


--
-- Name: operation_message_id_d8ea097d; Type: INDEX; Schema: public; Owner: salamat
--

CREATE INDEX operation_message_id_d8ea097d ON public.operation USING btree (message_id);


--
-- Name: requirement_rule_id_8e3ab9f6; Type: INDEX; Schema: public; Owner: salamat
--

CREATE INDEX requirement_rule_id_8e3ab9f6 ON public.requirement USING btree (rule_id);


--
-- Name: rule_document_field_id_df1b4386; Type: INDEX; Schema: public; Owner: salamat
--

CREATE INDEX rule_document_field_id_df1b4386 ON public.rule USING btree (document_field_id);


--
-- Name: rule_version_id_218c294c; Type: INDEX; Schema: public; Owner: salamat
--

CREATE INDEX rule_version_id_218c294c ON public.rule USING btree (version_id);


--
-- Name: auth_group_permissions auth_group_permissio_permission_id_84c5c92e_fk_auth_perm; Type: FK CONSTRAINT; Schema: public; Owner: salamat
--

ALTER TABLE ONLY public.auth_group_permissions
    ADD CONSTRAINT auth_group_permissio_permission_id_84c5c92e_fk_auth_perm FOREIGN KEY (permission_id) REFERENCES public.auth_permission(id) DEFERRABLE INITIALLY DEFERRED;


--
-- Name: auth_group_permissions auth_group_permissions_group_id_b120cbf9_fk_auth_group_id; Type: FK CONSTRAINT; Schema: public; Owner: salamat
--

ALTER TABLE ONLY public.auth_group_permissions
    ADD CONSTRAINT auth_group_permissions_group_id_b120cbf9_fk_auth_group_id FOREIGN KEY (group_id) REFERENCES public.auth_group(id) DEFERRABLE INITIALLY DEFERRED;


--
-- Name: auth_permission auth_permission_content_type_id_2f476e4b_fk_django_co; Type: FK CONSTRAINT; Schema: public; Owner: salamat
--

ALTER TABLE ONLY public.auth_permission
    ADD CONSTRAINT auth_permission_content_type_id_2f476e4b_fk_django_co FOREIGN KEY (content_type_id) REFERENCES public.django_content_type(id) DEFERRABLE INITIALLY DEFERRED;


--
-- Name: auth_user_groups auth_user_groups_group_id_97559544_fk_auth_group_id; Type: FK CONSTRAINT; Schema: public; Owner: salamat
--

ALTER TABLE ONLY public.auth_user_groups
    ADD CONSTRAINT auth_user_groups_group_id_97559544_fk_auth_group_id FOREIGN KEY (group_id) REFERENCES public.auth_group(id) DEFERRABLE INITIALLY DEFERRED;


--
-- Name: auth_user_groups auth_user_groups_user_id_6a12ed8b_fk_auth_user_id; Type: FK CONSTRAINT; Schema: public; Owner: salamat
--

ALTER TABLE ONLY public.auth_user_groups
    ADD CONSTRAINT auth_user_groups_user_id_6a12ed8b_fk_auth_user_id FOREIGN KEY (user_id) REFERENCES public.auth_user(id) DEFERRABLE INITIALLY DEFERRED;


--
-- Name: auth_user_user_permissions auth_user_user_permi_permission_id_1fbb5f2c_fk_auth_perm; Type: FK CONSTRAINT; Schema: public; Owner: salamat
--

ALTER TABLE ONLY public.auth_user_user_permissions
    ADD CONSTRAINT auth_user_user_permi_permission_id_1fbb5f2c_fk_auth_perm FOREIGN KEY (permission_id) REFERENCES public.auth_permission(id) DEFERRABLE INITIALLY DEFERRED;


--
-- Name: auth_user_user_permissions auth_user_user_permissions_user_id_a95ead1b_fk_auth_user_id; Type: FK CONSTRAINT; Schema: public; Owner: salamat
--

ALTER TABLE ONLY public.auth_user_user_permissions
    ADD CONSTRAINT auth_user_user_permissions_user_id_a95ead1b_fk_auth_user_id FOREIGN KEY (user_id) REFERENCES public.auth_user(id) DEFERRABLE INITIALLY DEFERRED;


--
-- Name: data_format data_format_rule_id_8b7517aa_fk_rule_id; Type: FK CONSTRAINT; Schema: public; Owner: salamat
--

ALTER TABLE ONLY public.data_format
    ADD CONSTRAINT data_format_rule_id_8b7517aa_fk_rule_id FOREIGN KEY (rule_id) REFERENCES public.rule(id) DEFERRABLE INITIALLY DEFERRED;


--
-- Name: django_admin_log django_admin_log_content_type_id_c4bce8eb_fk_django_co; Type: FK CONSTRAINT; Schema: public; Owner: salamat
--

ALTER TABLE ONLY public.django_admin_log
    ADD CONSTRAINT django_admin_log_content_type_id_c4bce8eb_fk_django_co FOREIGN KEY (content_type_id) REFERENCES public.django_content_type(id) DEFERRABLE INITIALLY DEFERRED;


--
-- Name: django_admin_log django_admin_log_user_id_c564eba6_fk_auth_user_id; Type: FK CONSTRAINT; Schema: public; Owner: salamat
--

ALTER TABLE ONLY public.django_admin_log
    ADD CONSTRAINT django_admin_log_user_id_c564eba6_fk_auth_user_id FOREIGN KEY (user_id) REFERENCES public.auth_user(id) DEFERRABLE INITIALLY DEFERRED;


--
-- Name: document_fields document_fields_version_id_50e7a9a3_fk_message_version_id; Type: FK CONSTRAINT; Schema: public; Owner: salamat
--

ALTER TABLE ONLY public.document_fields
    ADD CONSTRAINT document_fields_version_id_50e7a9a3_fk_message_version_id FOREIGN KEY (version_id) REFERENCES public.message_version(id) DEFERRABLE INITIALLY DEFERRED;


--
-- Name: error error_message_id_c4f2ad10_fk_message_id; Type: FK CONSTRAINT; Schema: public; Owner: salamat
--

ALTER TABLE ONLY public.error
    ADD CONSTRAINT error_message_id_c4f2ad10_fk_message_id FOREIGN KEY (message_id) REFERENCES public.message(id) DEFERRABLE INITIALLY DEFERRED;


--
-- Name: members members_message_id_53f4fbe8_fk_message_id; Type: FK CONSTRAINT; Schema: public; Owner: salamat
--

ALTER TABLE ONLY public.members
    ADD CONSTRAINT members_message_id_53f4fbe8_fk_message_id FOREIGN KEY (message_id) REFERENCES public.message(id) DEFERRABLE INITIALLY DEFERRED;


--
-- Name: message message_message_version_id_0dd2f2db_fk_message_version_id; Type: FK CONSTRAINT; Schema: public; Owner: salamat
--

ALTER TABLE ONLY public.message
    ADD CONSTRAINT message_message_version_id_0dd2f2db_fk_message_version_id FOREIGN KEY (message_version_id) REFERENCES public.message_version(id) DEFERRABLE INITIALLY DEFERRED;


--
-- Name: message_xml message_xml_message_id_b958bf62_fk_message_id; Type: FK CONSTRAINT; Schema: public; Owner: salamat
--

ALTER TABLE ONLY public.message_xml
    ADD CONSTRAINT message_xml_message_id_b958bf62_fk_message_id FOREIGN KEY (message_id) REFERENCES public.message(id) DEFERRABLE INITIALLY DEFERRED;


--
-- Name: operation operation_message_id_d8ea097d_fk_message_id; Type: FK CONSTRAINT; Schema: public; Owner: salamat
--

ALTER TABLE ONLY public.operation
    ADD CONSTRAINT operation_message_id_d8ea097d_fk_message_id FOREIGN KEY (message_id) REFERENCES public.message(id) DEFERRABLE INITIALLY DEFERRED;


--
-- Name: requirement requirement_rule_id_8e3ab9f6_fk_rule_id; Type: FK CONSTRAINT; Schema: public; Owner: salamat
--

ALTER TABLE ONLY public.requirement
    ADD CONSTRAINT requirement_rule_id_8e3ab9f6_fk_rule_id FOREIGN KEY (rule_id) REFERENCES public.rule(id) DEFERRABLE INITIALLY DEFERRED;


--
-- Name: rule rule_document_field_id_df1b4386_fk_document_fields_id; Type: FK CONSTRAINT; Schema: public; Owner: salamat
--

ALTER TABLE ONLY public.rule
    ADD CONSTRAINT rule_document_field_id_df1b4386_fk_document_fields_id FOREIGN KEY (document_field_id) REFERENCES public.document_fields(id) DEFERRABLE INITIALLY DEFERRED;


--
-- Name: rule rule_version_id_218c294c_fk_message_version_id; Type: FK CONSTRAINT; Schema: public; Owner: salamat
--

ALTER TABLE ONLY public.rule
    ADD CONSTRAINT rule_version_id_218c294c_fk_message_version_id FOREIGN KEY (version_id) REFERENCES public.message_version(id) DEFERRABLE INITIALLY DEFERRED;


--
-- PostgreSQL database dump complete
--

